2,341adeec9adad0874f29a0a1af35638207352a39
3,341adeec9adad0874f29a0a1af35638207352a39
4,7661809d493b426e979f39ab512e3adf41fbcc69
5,4f98186848707f530669238d90e0562d92a78aab
6,aa6034678e873db8bd5c5a4b73f8b88c469374d6
7,d5a42de8bdbe25081f07b801d8b35f4d75a791f4
61,7b7090b4c6a906cc7c3e2a460335f705b93f4506
62,f856373e2f31ffd340e47e2b00027bd4070f74b3
65,c73be61cede5882f9605a852414db559c0ebedfd
66,f9c4bb0b245cee35ef66f75bf409c9573d934cf9
67,f7f510ec195781c857ab76366a3e1c59e1caae42
69,0bbe30668d89ec8a309f28ced6d092c90fb23e8c
72,32dd59f96924f45e33bc79854f7a00679c0fa28e
75,b139ba4e90dccbf4cd4efb112af96a5c9e0b098c
76,965b57b469a589d64d81b1688b38dcb537011bb0
78,43312915b5ba20741617dd2119e835205fa8580c
79,1b1e0bc9947427ae58bbe7de0ce9cfd591b589b9
80,f323896fe6fa8fa55ed37cb8b804fa97ead641c3
82,9d35d880e0e4a3ab32d8c12f9e4d76198aadd42d
85,bccece1ead368149f90e05ad104dfbfda4422f5d
86,44da5ae5fbea4686f667dc854e5ea16814e44c59
87,1804fdf6e494e5e2938c65d8391690b59bcff897
88,9ff05123e3bfbb1d2b68ba1d9bf1f7d1dffc1453
89,9ff05123e3bfbb1d2b68ba1d9bf1f7d1dffc1453
90,2794cdb0b97bfe62d25c996c8afe4832207e78bc
93,9dd732e0bdf538b1b76dc7c157e2b5e560ff30d3
95,2420b79f8c18a75ee2417cace381f4604b9b4365
96,8edc813111001e9be3cce066d3d4091d2ef04a1d
97,eb014de4fd418de1a277913cba244e47274fe392
100,a8fc8cb5692aebb9c6f7afd4265366d25dcd1d01
101,ff7f2926114d3a50f5ffe461a9bce8d761748da5
103,af356afa010f3cd2c8b8fcc3bce90f7a7b7ec02a
104,ac3615e7f3cffe2a1a6b25172dfd09e138593d82
108,f295b3ae9f5927e084bd5decdff82390e3471801
110,7cf5c2978f23fdbb2dd7b4e8b07e362ae2d8211c
111,af5f60c7e3d593c2fa31b9a62c16eae75f074de3
112,3a415d59c1dbec9d772dbfab2d2520d98360caae
113,8b796475fd7882663a870456466a4fb315cc1bd6
114,0fb375fb9b93b7d822debc6a734052337ccfdb1f
115,1ed1d592113959f00cc552c3b9f47ca2d157768f
116,3896d655f4d491c67d669a15f275a39f713410f8
117,7482e3841d520a368426ac196720601687e2dc47
119,7d8faaf155454f8798ec56404faca29a82689c77
122,9330986c03006ab1d33d243b7cfe598a7a3c1baa
123,1d8d14641fd94a01b20a4abbf2749fd8eddcf57b
127,5c808e641741ecd7a7d5e65e38f740378d7406fc
129,dde5845a529ff753364a6d1aea61180946270bfa
130,764f4eb6846f5475f1244767d24d25dd86528a4a
131,764f4eb6846f5475f1244767d24d25dd86528a4a
132,764f4eb6846f5475f1244767d24d25dd86528a4a
133,c49c33637802a2c6957a78119eb8be3b055dd9e9
135,b68777d54fac21fc833ec26ea1a2a84f975ab035
136,b68777d54fac21fc833ec26ea1a2a84f975ab035
137,b68777d54fac21fc833ec26ea1a2a84f975ab035
138,b68777d54fac21fc833ec26ea1a2a84f975ab035
139,b68777d54fac21fc833ec26ea1a2a84f975ab035
142,ab7ac4eb9832e32a09f4e8042705484d2fb0aad3
144,2ad7bf3638411cb547f2823df08166c13ab04269
148,8a0ed250f911da31a2aef52101bc707846a800ff
150,f2f2325ec79970807012dfc9e716cdbb02d9b574
152,3b8fdd1dc35e395d19efbc8391a809a5b954ecf4
154,91eac1c69c202d9dad8bf717ae5b92db70bfe5cf
155,9cae36a094e7e9d6e5fe8b6dcd4642138b3eb0c7
156,3f1d52abf098c85b177b8c6f5b310e8347d1bc42
157,6bf9c47a398911e0ab920e362115153596c80432
158,328b9227865026268261a24a97a578907b280415
159,328b9227865026268261a24a97a578907b280415
161,36ea23374d1f7b6a9d96a2b61d38830fdf23e45d
162,4a6f278d4827b59ba26ceae0ff4529ee826aa258
163,62ab63352350e881ae693a8236b35d7d0516c78b
165,cbfecb927f429a6fa613d74b998496bd71e4438a
170,82cae269cfa953032fbb8980a7d554d60fb00b17
171,3f3b442b5ad2455507c9bfdacf39a3792eb3a6d0
172,82cae269cfa953032fbb8980a7d554d60fb00b17
173,a44a4cc1c969afec97dbb2aedaf6f38eaa6253bb
176,4d67490498acb4ffcef5ba7bc44990d46e66a44c
178,536395260582be7443b0b35b0bbb89ffe3947f62
179,a4bb6b64e39abc0e41ca077725f2a72c868e7622
187,28044fc1d4953b07acec0da4d2fc4784c57ea6fb
188,2bb2f5fb21b0486ff69b7b4a1fe03a760527d133
190,4f7e7236435ca0abe005c674ebd6892c6e83aeb3
191,1f1562fcd04a485734e94390660e741c3be47867
195,0bb788300990d3eb5582d3301a720f846c78925c
196,b5ea834dde6b6e7f75e51d5f66dac8cd7c97b5ef
197,ceb35b666d42c2e91b1f94aeca95bb5eb0943268
199,6f8191fdf41d3a53cc1d63fe2234e812c55a0092
200,a43cfc87caaf46710c8027a8c23b8a55f1078f19
201,44e602b4e52f70f04620bbbf4fe46ecb40170bde
207,e5d82a7360d124ae1a38c2a5eac92ba49b125191
208,4b5397dc24ab12afaac85be3d0863b7f6eb8b0f0
209,d5a42de8bdbe25081f07b801d8b35f4d75a791f4
211,732d41c545bb359cbb8c94698bdc1f8bcf82279c
213,7746b32f467b3813fb61faaab3258de35806a7ac
221,e4b8954074f6d0db01c8c97d338a67f9389c042f
224,704b914f15fb7daaf517e3acc4bed472b50ca19e
241,1bfad99ab42569807d0ca1698449cae5e8c0334a
253,221c5eb2338232f7340386de1c43decc32682e58
278,9330986c03006ab1d33d243b7cfe598a7a3c1baa
715,b7d572e1871df06a96a1c9591c71c5494ff6b624
740,7f42ec3941560f0902fe3671e36f2c20ffd3af0a
746,29cbe68c516a48a9a88b3226878570c6cbd83c02
747,179d9ba5559a756f4322583388b3213fe4e391b0
750,52526ca7fdb905a768a93f8faa418e9b988fc34b
753,c7aa12252f5142b9eee2f6e34ca8870a8e7e048c
759,c73be61cede5882f9605a852414db559c0ebedfd
761,72244b6bc752b5c496f09de9a13c18adc314a53c
762,52526ca7fdb905a768a93f8faa418e9b988fc34b
763,9996508b3353063f2d6c48c1a28a84543d72d70b
766,dfed913e8b55a0c2c4906f1242fd38fd9a116e49
768,dce28769a33a95425b007f00842d6e12ffa28f83
770,b303835dabe0340f932ebb4e260d2229f79b0684
773,8866730aed5100f06d3d965c22f1c61f74942541
774,bf4916922c60f43efaa329744b3eef539aa6a2b2
775,df720d288dbb1793e82b6ccbfc670ec871e9def4
777,12f6b01a0bcbeeab8cc9305673314adb3adf80f7
778,d78bfa1346ab1fe04d20aa45a0678d1fc866f37c
780,6ed05643ddb166c0fddabac8ee092659006214a9
782,31db9f7c23fbf7e95026143f79645de6507b583b
783,91562895f8030cb9a0470b1db49de79346a69f91
784,99f98a7c0d6985d5507c8130a981972e4b7b3bdc
787,2717b5adea9e2558798c30eb0e93c01722edbb0a
788,fb7589a162162223e6bb6422dde3fb1ce07d9a78
789,be71b5cba2e6485e8959da7a9f9a44461a1bb074
792,d21fdd07cea418c0d98c8a15fc95b8b8970801e7
793,dcda165706b9fbfd685898d46a6749d7d397e0c0
794,487c607df790d366e67a7d6a30adf785cdd98e55
795,310ee0902b8d9d0a13a5a13e94688a5863fa29c2
798,860b7f27b8f78564ca5a2f607e0820b2d352a562
800,8f5de6fb245326704f37d91780b9a10253a8a100
804,bcc6cc832573a99d1f935c89a28e2c71fd1aaf0c
805,f26cc9593581bd734c846bf827401350b36dc3c9
806,d21fdd07cea418c0d98c8a15fc95b8b8970801e7
807,1da177e4c3f41524e886b7f1b8a0c1fc7321cac2
809,a0bfde167b506423111ddb8cd71930497a40fc54
812,6a2968aaf50c7a22fced77a5e24aa636281efca8
814,78a06688a4d40d9bb6138e2b9ad3353d7bf0157a
820,d48a7b3a72f121655d95b5157c32c7d555e44c05
821,718cb09aaa6fa78cc8124e9517efbc6c92665384
822,7cfffd5fed3e385010583840402f0bf66c4ed147
823,2ff4bed7fee72ba1abfcff5f11ae8f8e570353f2
825,0ae45f63d4ef8d8eeec49c7d8b44a1775fff13e8
826,8c26c4e2694a163d525976e804d81cd955bbb40c
827,718cb09aaa6fa78cc8124e9517efbc6c92665384
830,7ac7c987850c3ec617c778f7bd871804dc1c648d
832,9b9879fc03275ffe0da328cf5b864d9e694167c8
833,38f7b870d4a6a5d3ec21557e849620cb7d032965
834,ca06197382bde0a3bc20215595d1c9ce20c6e341
835,aa371e96f05dcb36a88298f5cb70aa7234d5e8b8
836,43b5169d8355ccf26d726fbc75f083b2429113e4
839,408579cd627a15bd703fe3eeb8485fd02726e9d3
841,85724171b302914bb8999b9df091fd4616a36eb7
842,2c18a63b760a0f68f14cb8bb4c3840bb0b63b73e
844,ca1fd42e7dbfcb34890ffbf1f2f4b356776dab6f
846,5eda1ad1aaffdfebdecf7a164e586060a210f74f
847,b41b6f6937dc89e072b334e8d814487cb4692770
849,8700e3e7c4857d28ebaa824509934556da0b3e76
850,abed4aaae4f71a7bcdbe90a65319b6e772a2689d
853,abed4aaae4f71a7bcdbe90a65319b6e772a2689d
854,fb9987d0f748c983bb795a86f47522313f701a08
855,2f530df76c8cb5551d7d9395c77eb02282c3dc68
857,4e33f9eab07e985282fece4121066c2db1d332ed
859,717d50e4971b81b96c0199c91cdf0039a8cb181a
860,7aa1e7d15f8a5b65f67bacb100d8fc033b21efa2
861,f7d34b445abc00e979b7cf36b9580ac3d1a47cd8
862,8ee81ed581ff35882b006a5205100db0b57bf070
863,9e382914617c5cab89a01a223b8d00bbd43ad3b3
864,06149746e7203d5ffe2d6faf9799ee36203aa8b8
865,f7d34b445abc00e979b7cf36b9580ac3d1a47cd8
867,d4af56c5c7c6781ca6ca8075e2cf5bc119ed33d1
870,f5d39b020809146cc28e6e73369bf8065e0310aa
872,f2c45807d3992fe0f173f34af9c347d907c31686
874,66dabbb65d673aef40dd17bf62c042be8f6d4a4b
875,71dc9ec9ac7d3eee785cdc986c3daeb821381e20
876,0b02f4c0d6d9e2c611dfbdd4317193e9dca740e6
879,7ad65bf68d705b445ef10b77ab50dab22be185ee
880,1baf5ebf8954d9bff8fa4e7dd6c416a0cebdb9e2
882,5b9272e93f2efe3f6cda60cc2c26817b2ce49386
884,565b4824c39fa335cba2028a09d7beb7112f3c9a
885,82cae269cfa953032fbb8980a7d554d60fb00b17
886,02827e1796b33f1794966f5c3101f8da2dfa9c1d
888,0a7e0d0ef05440db03c3199e84d228db943b237f
889,478d134e9506c7e9bfe2830ed03dd85e97966313
890,66850be55e8e5f371db2c091751a932a656c5f4d
891,e5cfefa97bccf956ea0bb6464c1f6c84fd7a8d9f
892,9dab880d675b9d0dd56c6428e4e8352a3339371d
895,a5f18ba0727656bd1fe3bcdb0d563f81790f9a04
896,24d69384bcd34b9dcaf5dab744bf7096e84d1abd
897,af82425c6a2d2f347c79b63ce74fca6dc6be157f
899,f25dcc7687d42a72de18aa41b04990a24c9e77c7
900,af82425c6a2d2f347c79b63ce74fca6dc6be157f
901,7d5cd2ce5292b45e555de776cb9e72975a07460d
903,08a0063df3aed8d76a4034279117db12dbc1050f
904,5bbbbe32a43199c2b9ea5ea66fab6241c64beb51
906,a5f18ba0727656bd1fe3bcdb0d563f81790f9a04
908,bf9f1baa279f0758dc2297080360c5a616843927
911,b1f9e876862d8f7176299ec4fb2108bc1045cbc8
913,433fc58e6bf2c8bd97e57153ed28e64fd78207b8
914,6d0bfe22611602f36617bc7aa2ffa1bbb2f54c67
915,d9dd833cf6d29695682ec7e7924c0d0992b906bc
919,6319194ec57b0452dcda4589d24c4e7db299c5bf
